<?xml version="1.0" encoding="utf-8"?>
<modification>
    <name>SkyHyb MarketPlace</name>
    <version>1.0</version>
    <author>Romário Pires</author>
    <code>skyhub</code>
    <link>romario.ne@hotmail.com</link>
    <file path="admin/controller/catalog/product.php">
        <operation>
            <search><![CDATA[
$data['delete'] = $this->url->link('catalog/product/delete', 'user_token=' . $this->session->data['user_token'] . $url, true);
            ]]></search>
            <add position="after"><![CDATA[
$data['syncSkyHub'] = $this->url->link('catalog/product/syncSkyhub', 'user_token=' . $this->session->data['user_token'] . $url, true);
            ]]></add>
        </operation>
        <operation>
            <search><![CDATA[
$product_specials = $this->model_catalog_product->getProductSpecials($result['product_id']);
            ]]></search>
            <add position="after"><![CDATA[
 $this->load->model('extension/module/skyhub');
            $inSkyHub = $this->model_extension_module_skyhub->findSku($result['product_id']);
            ]]></add>
        </operation>
        <operation>
            <search><![CDATA[
'price'      => $this->currency->format($result['price'], $this->config->get('config_currency')),
            ]]></search>
            <add position="after"><![CDATA[
'inSkyHub'   => $inSkyHub,
            ]]></add>
        </operation>
        <operation>
            <search><![CDATA[
	public function copy() {
            ]]></search>
            <add position="before"><![CDATA[
 protected function validateSyncSkyhub() {
        if (!$this->user->hasPermission('modify', 'extension/module/skyhub')) {
            $this->error['warning'] = $this->language->get('error_permission');
        }

        return !$this->error;
    }

    public function syncSkyhub() {
        $this->load->language('catalog/product');

        $this->document->setTitle($this->language->get('heading_title'));

        $this->load->controller('extension/module/skyhub');

        if (isset($this->request->post['selected']) && $this->validateSyncSkyhub()) {
            $this->controller_extension_module_skyhub->syncProducts($this->request->post['selected']);

            $this->session->data['success'] = $this->language->get('text_success');

            $url = '';

            if (isset($this->request->get['filter_name'])) {
                $url .= '&filter_name=' . urlencode(html_entity_decode($this->request->get['filter_name'], ENT_QUOTES, 'UTF-8'));
            }

            if (isset($this->request->get['filter_sku'])) {
                $url .= '&filter_sku=' . urlencode(html_entity_decode($this->request->get['filter_sku'], ENT_QUOTES, 'UTF-8'));
            }

            if (isset($this->request->get['filter_model'])) {
                $url .= '&filter_model=' . urlencode(html_entity_decode($this->request->get['filter_model'], ENT_QUOTES, 'UTF-8'));
            }

            if (isset($this->request->get['filter_price'])) {
                $url .= '&filter_price=' . $this->request->get['filter_price'];
            }

            if (isset($this->request->get['filter_quantity'])) {
                $url .= '&filter_quantity=' . $this->request->get['filter_quantity'];
            }

            if (isset($this->request->get['filter_status'])) {
                $url .= '&filter_status=' . $this->request->get['filter_status'];
            }

            if (isset($this->request->get['sort'])) {
                $url .= '&sort=' . $this->request->get['sort'];
            }

            if (isset($this->request->get['order'])) {
                $url .= '&order=' . $this->request->get['order'];
            }

            if (isset($this->request->get['page'])) {
                $url .= '&page=' . $this->request->get['page'];
            }

            $this->response->redirect($this->url->link('catalog/product', 'user_token=' . $this->session->data['user_token'] . $url, true));
        }

        $this->getList();
    }
            ]]></add>
        </operation>
    </file>
    <file path="admin/view/template/catalog/product_list.twig">
        <operation>
            <search><![CDATA[
    <button type="button" form="form-product" formaction="{{ delete }}" data-toggle="tooltip" title="{{ button_delete }}" class="btn btn-danger" onclick="confirm('{{ text_confirm }}') ? $('#form-product').submit() : false;"><i class="fa fa-trash-o"></i></button>
                ]]></search>
            <add position="after"><![CDATA[
                    <button type="button" form="form-product" formaction="{{ syncSkyHub }}" data-toggle="tooltip" title="{{ button_syncSkyhub }}" class="btn btn-success" onclick="$('#form-product').submit()"><i class="fa fa-arrow-circle-o-up"></i></button>
                ]]></add>
        </operation>
    </file>
    <file path="admin/language/pt-br/pt-br.php">
        <operation>
            <search><![CDATA[
    $_['button_delete']
                ]]></search>
            <add position="before"><![CDATA[
    $_['button_syncSkyhub']                 = 'Sincronizar Produtos com SkyHub';
                ]]></add>
        </operation>
    </file>
</modification>